PR,PR previous,URL,URL previous,Title,Title previous,Content type,Content type previous,Is rendered page,Is rendered page previous,HTTP status code,HTTP status code previous,Organic traffic,Organic traffic previous,Is indexable page,Is indexable page previous,Title patch,Title patch status,Meta description,Meta description previous,Meta description patch,Meta description patch status,H1,H1 previous,H2,H2 previous,No. of content words,No. of content words previous,No. of internal outlinks,No. of internal outlinks previous,No. of external outlinks,No. of external outlinks previous,Page text,Page text previous,Extracted text (raw <body>) (length),Extracted text (raw <body>) (length) previous,Text hash,Text hash previous,First found at,First found at previous
38,40,https://morgencompany.com/,https://morgencompany.com/,Morgen Company - technologiepartner voor bedrijven,Morgen Company - technologiepartner voor bedrijven,text/html; charset=utf-8,text/html; charset=utf-8,false,false,200,200,0,0,true,true,,,"Morgen Company helpt teams slimmer werken met AI-training, implementatie, automatisering en digitale projecten die landen in de praktijk.","Morgen Company helpt teams slimmer werken met AI-training, implementatie, automatisering en digitale projecten die landen in de praktijk.",,,Technologie raakt je hele bedrijf.,Technologie raakt je hele bedrijf.,"Maak AI onderdeel van je bedrijf.
Technologie als bedrijfskeuze.
Welke AI-training past bij jouw team?
Boek, podcast en keynotes over technologie in bedrijven.
Wat betekent AI voor jouw bedrijf?
Vertel kort wat er speelt in je organisatie.
Klein beginnen. Groot doorpakken.
Trainingen die direct starten.
Masterclasses en verdieping met richting.
Eerst scherpte. Dan beweging.
Vertel ons waar je naar zoekt.
Klaar voor de EU AI Act.
Klein beginnen. Groot doorpakken.
Werk slimmer georganiseerd.
Uitkomsten.
Van analyse tot werkende oplossing.
Welke route past bij wat je wilt maken?
Welk werk kan slimmer?
Welk proces kan beter werken?
Digitalisering die landt in het werk.
Strategie naar uitvoering.
In het werk.
Van inzicht naar praktijk.
Start met een scherpe eerste stap.
Wat moet slimmer werken?
Zij gingen je voor.
Welk proces moet beter werken?
Onze AI organisatie.
Van lead tot oplevering in ÉÉn digitale keten.
Over Morgen.
Technologie als bedrijfskeuze.
Meet the Humans
Technologie verandert hoe we werken en leven.
Inspiratie die aanzet tot actie.
Verder verdiepen.
Het gesprek starten morgen?","Maak AI onderdeel van je bedrijf.
Technologie als bedrijfskeuze.
Welke AI-training past bij jouw team?
Boek, podcast en keynotes over technologie in bedrijven.
Wat betekent AI voor jouw bedrijf?
Vertel kort wat er speelt in je organisatie.
Klein beginnen. Groot doorpakken.
Trainingen die direct starten.
Masterclasses en verdieping met richting.
Eerst scherpte. Dan beweging.
Vertel ons waar je naar zoekt.
Klaar voor de EU AI Act.
Klein beginnen. Groot doorpakken.
Werk slimmer georganiseerd.
Uitkomsten.
Van analyse tot werkende oplossing.
Welke route past bij wat je wilt maken?
Welk werk kan slimmer?
Welk proces kan beter werken?
Digitalisering die landt in het werk.
Strategie naar uitvoering.
In het werk.
Van inzicht naar praktijk.
Start met een scherpe eerste stap.
Wat moet slimmer werken?
Zij gingen je voor.
Welk proces moet beter werken?
Onze AI organisatie.
Van lead tot oplevering in ÉÉn digitale keten.
Over Morgen.
Technologie als bedrijfskeuze.
Meet the Humans
Technologie verandert hoe we werken en leven.
Inspiratie die aanzet tot actie.
Verder verdiepen.
Het gesprek starten morgen?",5917,5916,5,5,22,22,<truncated>,<truncated>,40381,40370,13985904510028725088,953726458045151215,,
20,11,https://morgencompany.com/academy,https://morgencompany.com/academy,,Morgen Company - technologiepartner voor bedrijven,text/html,text/html; charset=utf-8,false,false,301,200,0,0,false,false,,,,"Morgen Company helpt teams slimmer werken met AI-training, implementatie, automatisering en digitale projecten die landen in de praktijk.",,,,Technologie raakt je hele bedrijf.,,"Maak AI onderdeel van je bedrijf.
Technologie als bedrijfskeuze.
Welke AI-training past bij jouw team?
Boek, podcast en keynotes over technologie in bedrijven.
Wat betekent AI voor jouw bedrijf?
Vertel kort wat er speelt in je organisatie.
Klein beginnen. Groot doorpakken.
Trainingen die direct starten.
Masterclasses en verdieping met richting.
Eerst scherpte. Dan beweging.
Vertel ons waar je naar zoekt.
Klaar voor de EU AI Act.
Klein beginnen. Groot doorpakken.
Werk slimmer georganiseerd.
Uitkomsten.
Van analyse tot werkende oplossing.
Welke route past bij wat je wilt maken?
Welk werk kan slimmer?
Welk proces kan beter werken?
Digitalisering die landt in het werk.
Strategie naar uitvoering.
In het werk.
Van inzicht naar praktijk.
Start met een scherpe eerste stap.
Wat moet slimmer werken?
Zij gingen je voor.
Welk proces moet beter werken?
Onze AI organisatie.
Van lead tot oplevering in ÉÉn digitale keten.
Over Morgen.
Technologie als bedrijfskeuze.
Meet the Humans
Technologie verandert hoe we werken en leven.
Inspiratie die aanzet tot actie.
Verder verdiepen.
Het gesprek starten morgen?",0,5916,0,5,0,22,,<truncated>,,40370,,953726458045151215,,
20,11,https://morgencompany.com/technology,https://morgencompany.com/technology,,Morgen Company - technologiepartner voor bedrijven,text/html,text/html; charset=utf-8,false,false,301,200,0,0,false,false,,,,"Morgen Company helpt teams slimmer werken met AI-training, implementatie, automatisering en digitale projecten die landen in de praktijk.",,,,Technologie raakt je hele bedrijf.,,"Maak AI onderdeel van je bedrijf.
Technologie als bedrijfskeuze.
Welke AI-training past bij jouw team?
Boek, podcast en keynotes over technologie in bedrijven.
Wat betekent AI voor jouw bedrijf?
Vertel kort wat er speelt in je organisatie.
Klein beginnen. Groot doorpakken.
Trainingen die direct starten.
Masterclasses en verdieping met richting.
Eerst scherpte. Dan beweging.
Vertel ons waar je naar zoekt.
Klaar voor de EU AI Act.
Klein beginnen. Groot doorpakken.
Werk slimmer georganiseerd.
Uitkomsten.
Van analyse tot werkende oplossing.
Welke route past bij wat je wilt maken?
Welk werk kan slimmer?
Welk proces kan beter werken?
Digitalisering die landt in het werk.
Strategie naar uitvoering.
In het werk.
Van inzicht naar praktijk.
Start met een scherpe eerste stap.
Wat moet slimmer werken?
Zij gingen je voor.
Welk proces moet beter werken?
Onze AI organisatie.
Van lead tot oplevering in ÉÉn digitale keten.
Over Morgen.
Technologie als bedrijfskeuze.
Meet the Humans
Technologie verandert hoe we werken en leven.
Inspiratie die aanzet tot actie.
Verder verdiepen.
Het gesprek starten morgen?",0,5916,0,5,0,22,,<truncated>,,40370,,953726458045151215,,
7,4,https://morgencompany.com/about,https://morgencompany.com/about,,Morgen Company - technologiepartner voor bedrijven,text/html,text/html; charset=utf-8,false,false,301,200,0,0,false,false,,,,"Morgen Company helpt teams slimmer werken met AI-training, implementatie, automatisering en digitale projecten die landen in de praktijk.",,,,Technologie raakt je hele bedrijf.,,"Maak AI onderdeel van je bedrijf.
Technologie als bedrijfskeuze.
Welke AI-training past bij jouw team?
Boek, podcast en keynotes over technologie in bedrijven.
Wat betekent AI voor jouw bedrijf?
Vertel kort wat er speelt in je organisatie.
Klein beginnen. Groot doorpakken.
Trainingen die direct starten.
Masterclasses en verdieping met richting.
Eerst scherpte. Dan beweging.
Vertel ons waar je naar zoekt.
Klaar voor de EU AI Act.
Klein beginnen. Groot doorpakken.
Werk slimmer georganiseerd.
Uitkomsten.
Van analyse tot werkende oplossing.
Welke route past bij wat je wilt maken?
Welk werk kan slimmer?
Welk proces kan beter werken?
Digitalisering die landt in het werk.
Strategie naar uitvoering.
In het werk.
Van inzicht naar praktijk.
Start met een scherpe eerste stap.
Wat moet slimmer werken?
Zij gingen je voor.
Welk proces moet beter werken?
Onze AI organisatie.
Van lead tot oplevering in ÉÉn digitale keten.
Over Morgen.
Technologie als bedrijfskeuze.
Meet the Humans
Technologie verandert hoe we werken en leven.
Inspiratie die aanzet tot actie.
Verder verdiepen.
Het gesprek starten morgen?",0,5916,0,6,0,22,,<truncated>,,40370,,953726458045151215,,
7,4,https://morgencompany.com/company,https://morgencompany.com/company,,Morgen Company - technologiepartner voor bedrijven,text/html,text/html; charset=utf-8,false,false,301,200,0,0,false,false,,,,"Morgen Company helpt teams slimmer werken met AI-training, implementatie, automatisering en digitale projecten die landen in de praktijk.",,,,Technologie raakt je hele bedrijf.,,"Maak AI onderdeel van je bedrijf.
Technologie als bedrijfskeuze.
Welke AI-training past bij jouw team?
Boek, podcast en keynotes over technologie in bedrijven.
Wat betekent AI voor jouw bedrijf?
Vertel kort wat er speelt in je organisatie.
Klein beginnen. Groot doorpakken.
Trainingen die direct starten.
Masterclasses en verdieping met richting.
Eerst scherpte. Dan beweging.
Vertel ons waar je naar zoekt.
Klaar voor de EU AI Act.
Klein beginnen. Groot doorpakken.
Werk slimmer georganiseerd.
Uitkomsten.
Van analyse tot werkende oplossing.
Welke route past bij wat je wilt maken?
Welk werk kan slimmer?
Welk proces kan beter werken?
Digitalisering die landt in het werk.
Strategie naar uitvoering.
In het werk.
Van inzicht naar praktijk.
Start met een scherpe eerste stap.
Wat moet slimmer werken?
Zij gingen je voor.
Welk proces moet beter werken?
Onze AI organisatie.
Van lead tot oplevering in ÉÉn digitale keten.
Over Morgen.
Technologie als bedrijfskeuze.
Meet the Humans
Technologie verandert hoe we werken en leven.
Inspiratie die aanzet tot actie.
Verder verdiepen.
Het gesprek starten morgen?",0,5916,0,6,0,22,,<truncated>,,40370,,953726458045151215,,
7,4,https://morgencompany.com/projecten,https://morgencompany.com/projecten,,Morgen Company - technologiepartner voor bedrijven,text/html,text/html; charset=utf-8,false,false,301,200,0,0,false,false,,,,"Morgen Company helpt teams slimmer werken met AI-training, implementatie, automatisering en digitale projecten die landen in de praktijk.",,,,Technologie raakt je hele bedrijf.,,"Maak AI onderdeel van je bedrijf.
Technologie als bedrijfskeuze.
Welke AI-training past bij jouw team?
Boek, podcast en keynotes over technologie in bedrijven.
Wat betekent AI voor jouw bedrijf?
Vertel kort wat er speelt in je organisatie.
Klein beginnen. Groot doorpakken.
Trainingen die direct starten.
Masterclasses en verdieping met richting.
Eerst scherpte. Dan beweging.
Vertel ons waar je naar zoekt.
Klaar voor de EU AI Act.
Klein beginnen. Groot doorpakken.
Werk slimmer georganiseerd.
Uitkomsten.
Van analyse tot werkende oplossing.
Welke route past bij wat je wilt maken?
Welk werk kan slimmer?
Welk proces kan beter werken?
Digitalisering die landt in het werk.
Strategie naar uitvoering.
In het werk.
Van inzicht naar praktijk.
Start met een scherpe eerste stap.
Wat moet slimmer werken?
Zij gingen je voor.
Welk proces moet beter werken?
Onze AI organisatie.
Van lead tot oplevering in ÉÉn digitale keten.
Over Morgen.
Technologie als bedrijfskeuze.
Meet the Humans
Technologie verandert hoe we werken en leven.
Inspiratie die aanzet tot actie.
Verder verdiepen.
Het gesprek starten morgen?",0,5916,0,6,0,22,,<truncated>,,40370,,953726458045151215,,
7,4,https://morgencompany.com/consultancy,https://morgencompany.com/consultancy,,Morgen Company - technologiepartner voor bedrijven,text/html,text/html; charset=utf-8,false,false,301,200,0,0,false,false,,,,"Morgen Company helpt teams slimmer werken met AI-training, implementatie, automatisering en digitale projecten die landen in de praktijk.",,,,Technologie raakt je hele bedrijf.,,"Maak AI onderdeel van je bedrijf.
Technologie als bedrijfskeuze.
Welke AI-training past bij jouw team?
Boek, podcast en keynotes over technologie in bedrijven.
Wat betekent AI voor jouw bedrijf?
Vertel kort wat er speelt in je organisatie.
Klein beginnen. Groot doorpakken.
Trainingen die direct starten.
Masterclasses en verdieping met richting.
Eerst scherpte. Dan beweging.
Vertel ons waar je naar zoekt.
Klaar voor de EU AI Act.
Klein beginnen. Groot doorpakken.
Werk slimmer georganiseerd.
Uitkomsten.
Van analyse tot werkende oplossing.
Welke route past bij wat je wilt maken?
Welk werk kan slimmer?
Welk proces kan beter werken?
Digitalisering die landt in het werk.
Strategie naar uitvoering.
In het werk.
Van inzicht naar praktijk.
Start met een scherpe eerste stap.
Wat moet slimmer werken?
Zij gingen je voor.
Welk proces moet beter werken?
Onze AI organisatie.
Van lead tot oplevering in ÉÉn digitale keten.
Over Morgen.
Technologie als bedrijfskeuze.
Meet the Humans
Technologie verandert hoe we werken en leven.
Inspiratie die aanzet tot actie.
Verder verdiepen.
Het gesprek starten morgen?",0,5916,0,6,0,22,,<truncated>,,40370,,953726458045151215,,
